Grade,Strand,Anchor Standard,Code,Benchmark
K,1 Exploring phenomena or engineering problems,"1.1.1 Asking questions and defining problems: Students will be able to ask questions about aspects of the phenomena they observe, the conclusions they draw from their models or scientific investigations, each other's ideas, and the information they read.",0E.1.1.1.1,Ask questions to obtain information from weather forecasts to prepare for and respond to severe weather.
K,1 Exploring phenomena or engineering problems,"1.1.1 Asking questions and defining problems: Students will be able to ask questions about aspects of the phenomena they observe, the conclusions they draw from their models or scientific investigations, each other's ideas, and the information they read.",0E.1.1.1.2,Ask questions about how a person may reduce the amount of natural resources the individual uses.
K,1 Exploring phenomena or engineering problems,"1.2.1 Planning and carrying out investigations: Students will be able to design and conduct investigations in the classroom, laboratory, and/or field to test students' ideas and questions, and will organize and collect data to provide evidence to support claims the students make about phenomena.",0P.1.2.1.1,Collect and organize observational data to determine the effect of sunlight on Earth's surface.
K,1 Exploring phenomena or engineering problems,"1.2.1 Planning and carrying out investigations: Students will be able to design and conduct investigations in the classroom, laboratory, and/or field to test students' ideas and questions, and will organize and collect data to provide evidence to support claims the students make about phenomena.",0L.1.2.1.2,Make observations of plants and animals to compare the diversity of life in different habitats.
K,2 Looking at data and empirical evidence to understand phenomena or solve problems,"2.1.1 Analyzing and interpreting data: Students will be able to represent observations and data in order to recognize patterns in the data, the meaning of those patterns, and possible relationships between variables.",0P.2.1.1.1,"Sort objects in terms of natural/human-made, color, size, shape, and texture, then communicate the reasoning for the sorting system."
K,2 Looking at data and empirical evidence to understand phenomena or solve problems,"2.1.1 Analyzing and interpreting data: Students will be able to represent observations and data in order to recognize patterns in the data, the meaning of those patterns, and possible relationships between variables.",0E.2.1.1.2,Make daily and seasonal observations of local weather conditions to describe patterns over time.
K,2 Looking at data and empirical evidence to understand phenomena or solve problems,"2.1.1 Analyzing and interpreting data: Students will be able to represent observations and data in order to recognize patterns in the data, the meaning of those patterns, and possible relationships between variables.",0L.2.1.1.3,Record and use observations to describe patterns of what plants and animals (including humans) need to survive.
K,2 Looking at data and empirical evidence to understand phenomena or solve problems,2.2.1 Using mathematics and computational thinking: Students will be able to use mathematics to represent physical variables and their relationships; compare mathematical expressions to the real world; and engage in computational thinking as they use or develop algorithms to describe the natural or designed worlds.,0P.2.2.1.1,Identify and describe patterns that emerge from the effects of different strengths or different directions of pushes and pulls on the motion of an object.
K,3 Developing possible explanations of phenomena or designing solutions to engineering problems,"3.1.1 Developing and using models: Students will be able to develop, revise, and use models to represent the students' understanding of phenomena or systems as they develop questions, predictions and/or explanations, and communicate ideas to others.",0L.3.1.1.1,Develop a simple model to represent the relationship between the needs of different plants and animals (including humans) and the places they live.
K,3 Developing possible explanations of phenomena or designing solutions to engineering problems,3.2.2 Constructing explanations and designing solutions: Students will be able to use their understanding of scientific principles and the engineering design process to design solutions that meet established criteria and constraints.*,0P.3.2.2.1,Design and build a structure to reduce the warming effect of sunlight on Earth's surface.
K,"4 Communicating reasons, arguments and ideas to others","4.1.1 Engaging in argument from evidence: Students will be able to engage in argument from evidence for the explanations the students construct, defend and revise their interpretations when presented with new evidence, critically evaluate the scientific arguments of others, and present counterarguments.",0P.4.1.1.1,Construct an argument supported by evidence for whether a design solution works as intended to change the speed or direction of an object with a push or a pull.
K,"4 Communicating reasons, arguments and ideas to others","4.2.1 Obtaining, evaluating and communicating information: Students will be able to read and interpret multiple sources to obtain information, evaluate the merit and validity of claims and design solutions, and communicate information, ideas, and evidence in a variety of formats.",0P.4.2.1.1,Communicate design ideas for a structure that reduces the warming effect of sunlight on Earth's surface.
1,1 Exploring phenomena or engineering problems,"1.1.1 Asking questions and defining problems: Students will be able to ask questions about aspects of the phenomena they observe, the conclusions they draw from their models or scientific investigations, each other's ideas, and the information they read.",1L.1.1.1.1,Ask questions based on observations about the similarities and differences between young plants and animals and their parents.
1,1 Exploring phenomena or engineering problems,"1.2.1 Planning and carrying out investigations: Students will be able to design and conduct investigations in the classroom, laboratory, and/or field to test students' ideas and questions, and will organize and collect data to provide evidence to support claims the students make about phenomena.",1P.1.2.1.1,Plan and conduct investigations to provide evidence that vibrating materials can make sound and that sound can make materials vibrate.
1,2 Looking at data and empirical evidence to understand phenomena or solve problems,"2.1.1 Analyzing and interpreting data: Students will be able to represent observations and data in order to recognize patterns in the data, the meaning of those patterns, and possible relationships between variables.",1P.2.1.1.1,Identify and describe patterns obtained from testing different materials and determine which materials have the properties that are best suited for producing and/or transmitting sound.
1,2 Looking at data and empirical evidence to understand phenomena or solve problems,2.2.1 Using mathematics and computational thinking: Students will be able to use mathematics to represent physical variables and their relationships; compare mathematical expressions to the real world; and engage in computational thinking as they use or develop algorithms to describe the natural or designed worlds.,1E.2.2.1.1,Use quantitative data to identify and describe patterns in the amount of time it takes for Earth processes to occur and determine whether they occur quickly or slowly.
1,3 Developing possible explanations of phenomena or designing solutions to engineering problems,"3.1.1 Developing and using models: Students will be able to develop, revise, and use models to represent the students' understanding of phenomena or systems as they develop questions, predictions and/or explanations, and communicate ideas to others.",1L.3.1.1.1,"Develop a simple model based on evidence to represent how plants or animals use their external parts to help them survive, grow, and meet their needs."
1,3 Developing possible explanations of phenomena or designing solutions to engineering problems,3.2.2 Constructing explanations and designing solutions: Students will be able to use their understanding of scientific principles and the engineering design process to design solutions that meet established criteria and constraints.*,1P.3.2.2.1,Design and build a device that uses light or sound to solve the problem of communicating over a distance.
1,3 Developing possible explanations of phenomena or designing solutions to engineering problems,3.2.2 Constructing explanations and designing solutions: Students will be able to use their understanding of scientific principles and the engineering design process to design solutions that meet established criteria and constraints.*,1L.3.2.2.2,"Plan and design a solution to a human problem by mimicking how plants and/or animals use their external parts to help them survive, grow, and meet their needs."
1,"4 Communicating reasons, arguments and ideas to others","4.1.1 Engaging in argument from evidence: Students will be able to engage in argument from evidence for the explanations the students construct, defend and revise their interpretations when presented with new evidence, critically evaluate the scientific arguments of others, and present counterarguments.",1E.4.1.1.1,Construct an argument based on observational evidence for how plants and animals (including humans) can change the non-living aspects of the environment to meet their needs.
1,"4 Communicating reasons, arguments and ideas to others","4.1.2 Engaging in argument from evidence: Students will be able to argue from evidence to justify the best solution to a problem or to compare and evaluate competing designs, ideas, or methods.*",1E.4.1.2.1,Construct an argument with evidence to evaluate multiple solutions designed to slow or prevent wind or water from changing the shape of the land.
1,"4 Communicating reasons, arguments and ideas to others","4.2.1 Obtaining, evaluating and communicating information: Students will be able to read and interpret multiple sources to obtain information, evaluate the merit and validity of claims and design solutions, and communicate information, ideas, and evidence in a variety of formats.",1E.4.2.1.1,"Communicate solutions that will reduce the impact of humans on the land, water, air, and/or other living things in the local environment."
1,"4 Communicating reasons, arguments and ideas to others","4.2.1 Obtaining, evaluating and communicating information: Students will be able to read and interpret multiple sources to obtain information, evaluate the merit and validity of claims and design solutions, and communicate information, ideas, and evidence in a variety of formats.",1L.4.2.1.2,Obtain information using various features of texts and other media to determine patterns in the behavior of parents and offspring that help offspring survive.
1,"4 Communicating reasons, arguments and ideas to others","4.2.2 Obtaining, evaluating and communicating information: Students will be able to gather information about and communicate the methods that are used by various cultures, especially those of Minnesota American Indian Tribes and communities, to develop explanations of phenomena and design solutions to problems.",1P.4.2.2.1,"Communicate solutions that use materials to provide shelter, food, or warmth needs for communities including Minnesota American Indian Tribes and communities."
2,1 Exploring phenomena or engineering problems,"1.1.1 Asking questions and defining problems: Students will be able to ask questions about aspects of the phenomena they observe, the conclusions they draw from their models or scientific investigations, each other's ideas, and the information they read.",2P.1.1.1.1,Ask questions about an object's motion based on observation that can be answered by an investigation.
2,1 Exploring phenomena or engineering problems,"1.2.1 Planning and carrying out investigations: Students will be able to design and conduct investigations in the classroom, laboratory, and/or field to test students' ideas and questions, and will organize and collect data to provide evidence to support claims the students make about phenomena.",2P.1.2.1.1,Plan and conduct an investigation to describe how heating and cooling affects different kinds of materials based upon their observable properties.
2,2 Looking at data and empirical evidence to understand phenomena or solve problems,"2.1.1 Analyzing and interpreting data: Students will be able to represent observations and data in order to recognize patterns in the data, the meaning of those patterns, and possible relationships between variables.",2E.2.1.1.1,Represent data to describe typical weather conditions expected during a particular season.
2,2 Looking at data and empirical evidence to understand phenomena or solve problems,"2.1.1 Analyzing and interpreting data: Students will be able to represent observations and data in order to recognize patterns in the data, the meaning of those patterns, and possible relationships between variables.",2E.2.1.1.2,Analyze data from tests of objects designed to reduce the impacts of weather-related hazards and compare the strengths and weaknesses of how each performs.
2,2 Looking at data and empirical evidence to understand phenomena or solve problems,2.2.1 Using mathematics and computational thinking: Students will be able to use mathematics to represent physical variables and their relationships; compare mathematical expressions to the real world; and engage in computational thinking as they use or develop algorithms to describe the natural or designed worlds.,2P.2.2.1.1,Identify and predict quantitative patterns of the effects of balanced and unbalanced forces on the motion of an object.
2,3 Developing possible explanations of phenomena or designing solutions to engineering problems,"3.1.1 Developing and using models: Students will be able to develop, revise, and use models to represent the students' understanding of phenomena or systems as they develop questions, predictions and/or explanations, and communicate ideas to others.",2P.3.1.1.1,Develop a simple diagram or physical model to illustrate how some changes caused by heating or cooling can be reversed and some cannot.
2,3 Developing possible explanations of phenomena or designing solutions to engineering problems,3.2.2 Constructing explanations and designing solutions: Students will be able to use their understanding of scientific principles and the engineering design process to design solutions that meet established criteria and constraints.*,2L.3.2.2.1,Engineer a device that mimics the structures and functions of plants or animals in seed dispersal.
2,"4 Communicating reasons, arguments and ideas to others","4.1.1 Engaging in argument from evidence: Students will be able to engage in argument from evidence for the explanations the students construct, defend and revise their interpretations when presented with new evidence, critically evaluate the scientific arguments of others, and present counterarguments.",2L.4.1.1.1,"Construct an argument with evidence that evaluates how in a particular habitat some organisms can survive well, some survive less well, and some cannot survive at all."
2,"4 Communicating reasons, arguments and ideas to others","4.2.1 Obtaining, evaluating and communicating information: Students will be able to read and interpret multiple sources to obtain information, evaluate the merit and validity of claims and design solutions, and communicate information, ideas, and evidence in a variety of formats.",2E.4.2.1.1,Obtain and use information from multiple sources to identify where water is found on Earth.
2,"4 Communicating reasons, arguments and ideas to others","4.2.1 Obtaining, evaluating and communicating information: Students will be able to read and interpret multiple sources to obtain information, evaluate the merit and validity of claims and design solutions, and communicate information, ideas, and evidence in a variety of formats.",2E.4.2.1.2,"Obtain and use information from multiple sources, including electronic sources, to describe climates in different regions of the world."
2,"4 Communicating reasons, arguments and ideas to others","4.2.2 Obtaining, evaluating and communicating information: Students will be able to gather information about and communicate the methods that are used by various cultures, especially those of Minnesota American Indian Tribes and communities, to develop explanations of phenomena and design solutions to problems.",2P.4.2.2.1,Obtain information and communicate how Minnesota American Indian Tribes and communities and other cultures apply knowledge of the natural world in determining which materials have the properties that are best suited for an intended purpose.
3,1 Exploring phenomena or engineering problems,"1.1.1 Asking questions and defining problems: Students will be able to ask questions about aspects of the phenomena they observe, the conclusions they draw from their models or scientific investigations, each other's ideas, and the information they read.",3P.1.1.1.1,Ask questions based on observations about why objects in darkness can be seen only when illuminated.
3,1 Exploring phenomena or engineering problems,"1.2.1 Planning and carrying out investigations: Students will be able to design and conduct investigations in the classroom, laboratory, and/or field to test students' ideas and questions, and will organize and collect data to provide evidence to support claims the students make about phenomena.",3P.1.2.1.1,Plan and conduct a controlled investigation to determine the effect of placing objects made with different materials in the path of a beam of light.
3,1 Exploring phenomena or engineering problems,"1.2.1 Planning and carrying out investigations: Students will be able to design and conduct investigations in the classroom, laboratory, and/or field to test students' ideas and questions, and will organize and collect data to provide evidence to support claims the students make about phenomena.",3L.1.2.1.2,Plan and conduct an investigation to determine how amounts of sunlight and water impact the growth of a plant.
3,2 Looking at data and empirical evidence to understand phenomena or solve problems,"2.1.1 Analyzing and interpreting data: Students will be able to represent observations and data in order to recognize patterns in the data, the meaning of those patterns, and possible relationships between variables.",3E.2.1.1.1,"Record observations of the sun, moon, and stars and use them to describe patterns that can be predicted."
3,2 Looking at data and empirical evidence to understand phenomena or solve problems,2.2.1 Using mathematics and computational thinking: Students will be able to use mathematics to represent physical variables and their relationships; compare mathematical expressions to the real world; and engage in computational thinking as they use or develop algorithms to describe the natural or designed worlds.,3E.2.2.1.1,Organize and electronically present collected data to identify and describe patterns in the amount of daylight in different times of the year.
3,3 Developing possible explanations of phenomena or designing solutions to engineering problems,"3.1.1 Developing and using models: Students will be able to develop, revise, and use models to represent the students' understanding of phenomena or systems as they develop questions, predictions and/or explanations, and communicate ideas to others.",3P.3.1.1.1,Develop a model to describe that light reflecting from objects and entering the eye allows objects to be seen.
3,3 Developing possible explanations of phenomena or designing solutions to engineering problems,"3.1.1 Developing and using models: Students will be able to develop, revise, and use models to represent the students' understanding of phenomena or systems as they develop questions, predictions and/or explanations, and communicate ideas to others.",3L.3.1.1.2,"Develop multiple models to describe how organisms have unique and diverse life cycles but all have birth, growth, reproduction, and death in common."
3,3 Developing possible explanations of phenomena or designing solutions to engineering problems,3.2.1 Constructing explanations and designing solutions: Students will be able to apply scientific principles and empirical evidence (primary or secondary) to explain the causes of phenomena or identify weaknesses in explanations developed by the students or others.,3L.3.2.1.1,"Construct an explanation using evidence from various sources for how the variations in characteristics among individuals of the same species may provide advantages in surviving, finding mates, and reproducing."
3,"4 Communicating reasons, arguments and ideas to others","4.1.1 Engaging in argument from evidence: Students will be able to engage in argument from evidence for the explanations the students construct, defend and revise their interpretations when presented with new evidence, critically evaluate the scientific arguments of others, and present counterarguments.",3L.4.1.1.1,Construct an argument about strategies animals use to survive.
3,"4 Communicating reasons, arguments and ideas to others","4.2.1 Obtaining, evaluating and communicating information: Students will be able to read and interpret multiple sources to obtain information, evaluate the merit and validity of claims and design solutions, and communicate information, ideas, and evidence in a variety of formats.",3L.4.2.1.1,"Obtain information from various types of media to support an argument that plants and animals have internal and external structures that function to support survival, growth, behavior, and reproduction."
3,"4 Communicating reasons, arguments and ideas to others","4.2.2 Obtaining, evaluating and communicating information: Students will be able to gather information about and communicate the methods that are used by various cultures, especially those of Minnesota American Indian Tribes and communities, to develop explanations of phenomena and design solutions to problems.",3E.4.2.2.1,"Gather information and communicate how Minnesota American Indian Tribes and communities and other cultures use patterns in stars to make predictions and plans. (P 8, CC: 1, CI: ESS1)"
4,1 Exploring phenomena or engineering problems,"1.1.1 Asking questions and defining problems: Students will be able to ask questions about aspects of the phenomena they observe, the conclusions they draw from their models or scientific investigations, each other's ideas, and the information they read.",4P.1.1.1.1,Ask questions to determine cause and effect relationships of electric and magnetic interactions between two objects not in contact with each other.
4,1 Exploring phenomena or engineering problems,"1.1.1 Asking questions and defining problems: Students will be able to ask questions about aspects of the phenomena they observe, the conclusions they draw from their models or scientific investigations, each other's ideas, and the information they read.",4E.1.1.1.2,Ask questions about how water moves through the Earth system and identify the type of question.
4,1 Exploring phenomena or engineering problems,1.1.2 Asking questions and defining problems: Students will be able to ask questions about a problem to be solved so they can define constraints and specifications for possible solutions.*,4P.1.1.2.1,Define a simple design problem that can be solved by applying scientific ideas about magnets.
4,1 Exploring phenomena or engineering problems,"1.2.1 Planning and carrying out investigations: Students will be able to design and conduct investigations in the classroom, laboratory, and/or field to test students' ideas and questions, and will organize and collect data to provide evidence to support claims the students make about phenomena.",4E.1.2.1.1,"Make observations and measurements to provide evidence of the effects of weathering or the rate of erosion by the forces of water, ice, wind, or vegetation."
4,1 Exploring phenomena or engineering problems,"1.2.1 Planning and carrying out investigations: Students will be able to design and conduct investigations in the classroom, laboratory, and/or field to test students' ideas and questions, and will organize and collect data to provide evidence to support claims the students make about phenomena.",4E.1.2.1.2,Plan and carry out fair tests in which variables are controlled and failure points are considered to improve a model or prototype to prevent erosion.
4,2 Looking at data and empirical evidence to understand phenomena or solve problems,2.2.1 Using mathematics and computational thinking: Students will be able to use mathematics to represent physical variables and their relationships; compare mathematical expressions to the real world; and engage in computational thinking as they use or develop algorithms to describe the natural or designed worlds.,4E.2.2.1.1,"Interpret charts, maps and/or graphs of the amounts of salt water and fresh water in various reservoirs to provide evidence about the distribution of water on Earth."
4,3 Developing possible explanations of phenomena or designing solutions to engineering problems,"3.1.1 Developing and using models: Students will be able to develop, revise, and use models to represent the students' understanding of phenomena or systems as they develop questions, predictions and/or explanations, and communicate ideas to others.",4E.3.1.1.1,"Develop a model based in part on student observations or data to describe ways the geosphere, biosphere, hydrosphere, and atmosphere interact."
4,3 Developing possible explanations of phenomena or designing solutions to engineering problems,3.2.1 Constructing explanations and designing solutions: Students will be able to apply scientific principles and empirical evidence (primary or secondary) to explain the causes of phenomena or identify weaknesses in explanations developed by the students or others.,4E.3.2.1.1,Identify evidence from patterns in rock formations and fossils in rock layers to support an explanation for changes in a landscape over time.
4,3 Developing possible explanations of phenomena or designing solutions to engineering problems,3.2.2 Constructing explanations and designing solutions: Students will be able to use their understanding of scientific principles and the engineering design process to design solutions that meet established criteria and constraints.*,4E.3.2.2.1,Generate and compare multiple solutions to reduce the impacts of natural Earth processes on humans.
4,"4 Communicating reasons, arguments and ideas to others","4.1.1 Engaging in argument from evidence: Students will be able to engage in argument from evidence for the explanations the students construct, defend and revise their interpretations when presented with new evidence, critically evaluate the scientific arguments of others, and present counterarguments.",4L.4.1.1.1,Construct or support an argument that traits can be influenced by different environments.
4,"4 Communicating reasons, arguments and ideas to others","4.2.1 Obtaining, evaluating and communicating information: Students will be able to read and interpret multiple sources to obtain information, evaluate the merit and validity of claims and design solutions, and communicate information, ideas, and evidence in a variety of formats.",4E.4.2.1.1,Read and comprehend grade appropriate complex texts and/or other reliable media to describe that energy and fuels are derived from natural resources and their uses affect the environment.
4,"4 Communicating reasons, arguments and ideas to others","4.2.1 Obtaining, evaluating and communicating information: Students will be able to read and interpret multiple sources to obtain information, evaluate the merit and validity of claims and design solutions, and communicate information, ideas, and evidence in a variety of formats.",4L.4.2.1.2,Obtain information from various media sources to determine that plants and animals have traits inherited from parents and that variation of these traits exists in a group of similar organisms.
4,"4 Communicating reasons, arguments and ideas to others","4.2.2 Obtaining, evaluating and communicating information: Students will be able to gather information about and communicate the methods that are used by various cultures, especially those of Minnesota American Indian Tribes and communities, to develop explanations of phenomena and design solutions to problems.",4E.4.2.2.1,"Obtain and combine multiple sources of information about ways individual communities, including Minnesota American Indian Tribes and communities and other cultures, use evidence and scientific principles to make decisions about the uses of Earth's resources."
5,1 Exploring phenomena or engineering problems,"1.1.1 Asking questions and defining problems: Students will be able to ask questions about aspects of the phenomena they observe, the conclusions they draw from their models or scientific investigations, each other's ideas, and the information they read.",5P.1.1.1.1,"Ask investigatable questions and predict reasonable outcomes about the changes in energy, related to speed, that occur when objects interact."
5,1 Exploring phenomena or engineering problems,"1.2.1 Planning and carrying out investigations: Students will be able to design and conduct investigations in the classroom, laboratory, and/or field to test students' ideas and questions, and will organize and collect data to provide evidence to support claims the students make about phenomena.",5P.1.2.1.1,Conduct an investigation to determine whether the mixing of two or more substances results in new substances.
5,1 Exploring phenomena or engineering problems,"1.2.1 Planning and carrying out investigations: Students will be able to design and conduct investigations in the classroom, laboratory, and/or field to test students' ideas and questions, and will organize and collect data to provide evidence to support claims the students make about phenomena.",5P.1.2.1.2,Evaluate appropriate methods and tools to identify materials based on their properties prior to investigation.
5,1 Exploring phenomena or engineering problems,"1.2.1 Planning and carrying out investigations: Students will be able to design and conduct investigations in the classroom, laboratory, and/or field to test students' ideas and questions, and will organize and collect data to provide evidence to support claims the students make about phenomena.",5L.1.2.1.3,Plan and conduct an investigation to obtain evidence that plants get the materials they need for growth chiefly from air and water.
5,2 Looking at data and empirical evidence to understand phenomena or solve problems,"2.1.1 Analyzing and interpreting data: Students will be able to represent observations and data in order to recognize patterns in the data, the meaning of those patterns, and possible relationships between variables.",5P.2.1.1.1,"Analyze and interpret data to show that energy can be transferred from place to place by sound, light, heat, and electric currents."
5,2 Looking at data and empirical evidence to understand phenomena or solve problems,2.2.1 Using mathematics and computational thinking: Students will be able to use mathematics to represent physical variables and their relationships; compare mathematical expressions to the real world; and engage in computational thinking as they use or develop algorithms to describe the natural or designed worlds.,5P.2.2.1.1,"Measure and graph quantities to provide evidence that regardless of the type of change that occurs when heating, cooling, or mixing substances, the total weight of matter is conserved."
5,2 Looking at data and empirical evidence to understand phenomena or solve problems,2.2.1 Using mathematics and computational thinking: Students will be able to use mathematics to represent physical variables and their relationships; compare mathematical expressions to the real world; and engage in computational thinking as they use or develop algorithms to describe the natural or designed worlds.,5E.2.2.1.2,"Use data to describe patterns in the daily changes in length and direction of shadows, day and night, and the seasonal appearance of some stars in the night sky."
5,3 Developing possible explanations of phenomena or designing solutions to engineering problems,"3.1.1 Developing and using models: Students will be able to develop, revise, and use models to represent the students' understanding of phenomena or systems as they develop questions, predictions and/or explanations, and communicate ideas to others.",5P.3.1.1.1,Develop and refine a model to describe that matter is made of particles too small to be seen.
5,3 Developing possible explanations of phenomena or designing solutions to engineering problems,"3.1.1 Developing and using models: Students will be able to develop, revise, and use models to represent the students' understanding of phenomena or systems as they develop questions, predictions and/or explanations, and communicate ideas to others.",5P.3.1.1.2,"Use models to describe that energy in animals' food (used for body repair, growth, and motion and to maintain body warmth) was once energy from the Sun."
5,3 Developing possible explanations of phenomena or designing solutions to engineering problems,"3.1.1 Developing and using models: Students will be able to develop, revise, and use models to represent the students' understanding of phenomena or systems as they develop questions, predictions and/or explanations, and communicate ideas to others.",5L.3.1.1.3,"Create an electronic visualization of the movement of matter among plants, animals, decomposers, and the environment."
5,3 Developing possible explanations of phenomena or designing solutions to engineering problems,3.2.1 Constructing explanations and designing solutions: Students will be able to apply scientific principles and empirical evidence (primary or secondary) to explain the causes of phenomena or identify weaknesses in explanations developed by the students or others.,5P.3.2.1.1,Construct an explanation based on evidence relating the speed of an object to the energy of that object.
5,3 Developing possible explanations of phenomena or designing solutions to engineering problems,3.2.2 Constructing explanations and designing solutions: Students will be able to use their understanding of scientific principles and the engineering design process to design solutions that meet established criteria and constraints.*,5P.3.2.2.1,"Apply scientific ideas to design, test, and refine a device that converts energy from one form to another."
5,"4 Communicating reasons, arguments and ideas to others","4.1.1 Engaging in argument from evidence: Students will be able to engage in argument from evidence for the explanations the students construct, defend and revise their interpretations when presented with new evidence, critically evaluate the scientific arguments of others, and present counterarguments.",5E.4.1.1.1,Use evidence to support an argument that the apparent brightness of the Sun and stars is due to their relative distances from Earth.
5,"4 Communicating reasons, arguments and ideas to others","4.1.2 Engaging in argument from evidence: Students will be able to argue from evidence to justify the best solution to a problem or to compare and evaluate competing designs, ideas, or methods.*",5L.4.1.2.1,Evaluate the merit of a solution to a problem caused by changes in plant and animal populations as a result of environmental changes.
6,1 Exploring phenomena or engineering problems,"1.1.1 Asking questions and defining problems: Students will be able to ask questions about aspects of the phenomena they observe, the conclusions they draw from their models or scientific investigations, each other's ideas, and the information they read.",6E.1.1.1.1,Ask questions that arise from observations of patterns in the movement of night sky objects to test the limitations of a solar system model.
6,1 Exploring phenomena or engineering problems,"1.1.1 Asking questions and defining problems: Students will be able to ask questions about aspects of the phenomena they observe, the conclusions they draw from their models or scientific investigations, each other's ideas, and the information they read.",6E.1.1.1.2,Ask questions to examine an interpretation about the relative ages of different rock layers within a sequence of several rock layers.
6,1 Exploring phenomena or engineering problems,"1.1.1 Asking questions and defining problems: Students will be able to ask questions about aspects of the phenomena they observe, the conclusions they draw from their models or scientific investigations, each other's ideas, and the information they read.",6E.1.1.1.3,Ask questions to clarify evidence of the factors that have caused the rise in global temperatures over the past century.
6,1 Exploring phenomena or engineering problems,"1.2.1 Planning and carrying out investigations: Students will be able to design and conduct investigations in the classroom, laboratory, and/or field to test students' ideas and questions, and will organize and collect data to provide evidence to support claims the students make about phenomena.",6E.1.2.1.1,Collect data and use digital data analysis tools to identify patterns to provide evidence for how the motions and complex interactions of air masses result in changes in weather conditions.
6,2 Looking at data and empirical evidence to understand phenomena or solve problems,"2.1.1 Analyzing and interpreting data: Students will be able to represent observations and data in order to recognize patterns in the data, the meaning of those patterns, and possible relationships between variables.",6E.2.1.1.1,Analyze and interpret data to determine similarities and differences among features and processes occurring on solar system objects.
6,2 Looking at data and empirical evidence to understand phenomena or solve problems,"2.1.1 Analyzing and interpreting data: Students will be able to represent observations and data in order to recognize patterns in the data, the meaning of those patterns, and possible relationships between variables.",6E.2.1.1.2,"Analyze and interpret data on the distribution of fossils, rocks, continental shapes, and seafloor structures to provide evidence of past plate motions."
6,2 Looking at data and empirical evidence to understand phenomena or solve problems,"2.1.1 Analyzing and interpreting data: Students will be able to represent observations and data in order to recognize patterns in the data, the meaning of those patterns, and possible relationships between variables.",6E.2.1.1.3,Analyze and interpret data on natural hazards to forecast future catastrophic events and inform the development of technologies to mitigate their effects.
6,3 Developing possible explanations of phenomena or designing solutions to engineering problems,"3.1.1 Developing and using models: Students will be able to develop, revise, and use models to represent the students' understanding of phenomena or systems as they develop questions, predictions and/or explanations, and communicate ideas to others.",6E.3.1.1.1,"Develop and use scale models of solar system objects to describe the sizes of objects, the location of objects, and the motion of the objects; and include the role that gravity and inertia play in controlling that motion."
6,3 Developing possible explanations of phenomena or designing solutions to engineering problems,"3.1.1 Developing and using models: Students will be able to develop, revise, and use models to represent the students' understanding of phenomena or systems as they develop questions, predictions and/or explanations, and communicate ideas to others.",6E.3.1.1.2,"Develop a model, based on observational evidence, to describe the cycling and movement of Earth's rock material and the energy that drives these processes."
6,3 Developing possible explanations of phenomena or designing solutions to engineering problems,"3.1.1 Developing and using models: Students will be able to develop, revise, and use models to represent the students' understanding of phenomena or systems as they develop questions, predictions and/or explanations, and communicate ideas to others.",6E.3.1.1.3,"Develop a model, based on observational and experimental evidence, to describe the cycling of water through Earth's systems driven by energy from the Sun and the force of gravity."
6,3 Developing possible explanations of phenomena or designing solutions to engineering problems,3.2.1 Constructing explanations and designing solutions: Students will be able to apply scientific principles and empirical evidence (primary or secondary) to explain the causes of phenomena or identify weaknesses in explanations developed by the students or others.,6E.3.2.1.1,Construct a scientific explanation based on evidence from rock strata for how the geologic time scale is used to organize Earth's 4.6-billion-year-old history.
6,3 Developing possible explanations of phenomena or designing solutions to engineering problems,3.2.1 Constructing explanations and designing solutions: Students will be able to apply scientific principles and empirical evidence (primary or secondary) to explain the causes of phenomena or identify weaknesses in explanations developed by the students or others.,6E.3.2.1.2,"Construct a scientific explanation based on evidence for how the uneven distribution of Earth's mineral, energy, or groundwater resources is the result of past geological processes."
6,3 Developing possible explanations of phenomena or designing solutions to engineering problems,3.2.1 Constructing explanations and designing solutions: Students will be able to apply scientific principles and empirical evidence (primary or secondary) to explain the causes of phenomena or identify weaknesses in explanations developed by the students or others.,6E.3.2.1.3,Apply scientific principles to design a method for monitoring and minimizing a human impact on the environment.
6,"4 Communicating reasons, arguments and ideas to others","4.1.1 Engaging in argument from evidence: Students will be able to engage in argument from evidence for the explanations the students construct, defend and revise their interpretations when presented with new evidence, critically evaluate the scientific arguments of others, and present counterarguments.",6E.4.1.1.1,"Construct an argument, supported by evidence, for how geoscience processes have changed Earth's surface at varying time and spatial scales."
6,"4 Communicating reasons, arguments and ideas to others","4.2.2 Obtaining, evaluating and communicating information: Students will be able to gather information about and communicate the methods that are used by various cultures, especially those of Minnesota American Indian Tribes and communities, to develop explanations of phenomena and design solutions to problems.",6E.4.2.2.1,"Communicate how a series of models, including those used by Minnesota American Indian Tribes and communities and other cultures, are used to explain how motion in the Earth-Sun-Moon system causes the cyclic patterns of lunar phases, eclipses and seasons."
7,1 Exploring phenomena or engineering problems,"1.1.1 Asking questions and defining problems: Students will be able to ask questions about aspects of the phenomena they observe, the conclusions they draw from their models or scientific investigations, each other's ideas, and the information they read.",7L.1.1.1.1,Ask questions about the processes and outcomes of various methods of communication between cells of multicellular organisms.
7,1 Exploring phenomena or engineering problems,"1.1.1 Asking questions and defining problems: Students will be able to ask questions about aspects of the phenomena they observe, the conclusions they draw from their models or scientific investigations, each other's ideas, and the information they read.",7L.1.1.1.2,Ask questions that arise from careful observations of phenomena or models to clarify and/or seek additional information about how changes in genes can affect organisms.
7,1 Exploring phenomena or engineering problems,"1.2.1 Planning and carrying out investigations: Students will be able to design and conduct investigations in the classroom, laboratory, and/or field to test students' ideas and questions, and will organize and collect data to provide evidence to support claims the students make about phenomena.",7L.1.2.1.1,"Conduct an investigation to provide evidence that living things are made of cells, either one cell or many different numbers and types of cells."
7,2 Looking at data and empirical evidence to understand phenomena or solve problems,"2.1.1 Analyzing and interpreting data: Students will be able to represent observations and data in order to recognize patterns in the data, the meaning of those patterns, and possible relationships between variables.",7L.2.1.1.1,Analyze and interpret data to provide evidence for the effects of resource availability on organisms and populations of organisms in an ecosystem.
7,2 Looking at data and empirical evidence to understand phenomena or solve problems,"2.1.1 Analyzing and interpreting data: Students will be able to represent observations and data in order to recognize patterns in the data, the meaning of those patterns, and possible relationships between variables.",7L.2.1.1.2,"Analyze and interpret data for patterns in the fossil record that document the existence, diversity, extinction, and change of life forms throughout the history of life on Earth."
7,2 Looking at data and empirical evidence to understand phenomena or solve problems,"2.1.1 Analyzing and interpreting data: Students will be able to represent observations and data in order to recognize patterns in the data, the meaning of those patterns, and possible relationships between variables.",7L.2.1.1.3,Analyze visual data to compare patterns of similarities in the embryological development across multiple species to identify relationships not evident in the fully formed anatomy.
7,2 Looking at data and empirical evidence to understand phenomena or solve problems,2.2.1 Using mathematics and computational thinking: Students will be able to use mathematics to represent physical variables and their relationships; compare mathematical expressions to the real world; and engage in computational thinking as they use or develop algorithms to describe the natural or designed worlds.,7L.2.2.1.1,Use an algorithm to explain how natural selection may lead to increases and decreases of specific traits in populations.
7,3 Developing possible explanations of phenomena or designing solutions to engineering problems,"3.1.1 Developing and using models: Students will be able to develop, revise, and use models to represent the students' understanding of phenomena or systems as they develop questions, predictions and/or explanations, and communicate ideas to others.",7L.3.1.1.1,Develop and use a model to describe the function of a cell as a whole and describe the way cell parts contribute to the cell's function.
7,3 Developing possible explanations of phenomena or designing solutions to engineering problems,"3.1.1 Developing and using models: Students will be able to develop, revise, and use models to represent the students' understanding of phenomena or systems as they develop questions, predictions and/or explanations, and communicate ideas to others.",7L.3.1.1.2,Develop and use a model to describe how food is rearranged through chemical reactions forming new molecules that support growth and/or release energy as this matter moves through an organism.
7,3 Developing possible explanations of phenomena or designing solutions to engineering problems,"3.1.1 Developing and using models: Students will be able to develop, revise, and use models to represent the students' understanding of phenomena or systems as they develop questions, predictions and/or explanations, and communicate ideas to others.",7L.3.1.1.3,Develop and use a model to describe the cycling of matter and flow of energy among living and nonliving parts of an ecosystem.
7,3 Developing possible explanations of phenomena or designing solutions to engineering problems,"3.1.1 Developing and using models: Students will be able to develop, revise, and use models to represent the students' understanding of phenomena or systems as they develop questions, predictions and/or explanations, and communicate ideas to others.",7L.3.1.1.4,Develop and use a model to describe why asexual reproduction results in offspring with identical genetic information and sexual reproduction results in offspring with genetic variation.
7,3 Developing possible explanations of phenomena or designing solutions to engineering problems,3.2.1 Constructing explanations and designing solutions: Students will be able to apply scientific principles and empirical evidence (primary or secondary) to explain the causes of phenomena or identify weaknesses in explanations developed by the students or others.,7L.3.2.1.1,Construct an explanation based on evidence for how environmental and genetic factors influence the growth of organisms and/or populations.
7,3 Developing possible explanations of phenomena or designing solutions to engineering problems,3.2.1 Constructing explanations and designing solutions: Students will be able to apply scientific principles and empirical evidence (primary or secondary) to explain the causes of phenomena or identify weaknesses in explanations developed by the students or others.,7L.3.2.1.2,Construct an explanation based on evidence for the role of photosynthesis in the cycling of matter and flow of energy into and out of organisms.
7,3 Developing possible explanations of phenomena or designing solutions to engineering problems,3.2.1 Constructing explanations and designing solutions: Students will be able to apply scientific principles and empirical evidence (primary or secondary) to explain the causes of phenomena or identify weaknesses in explanations developed by the students or others.,7L.3.2.1.3,Apply scientific ideas to construct an explanation for the anatomical similarities and differences among modern organisms and between modern and fossil organisms to infer evolutionary relationships.
7,3 Developing possible explanations of phenomena or designing solutions to engineering problems,3.2.1 Constructing explanations and designing solutions: Students will be able to apply scientific principles and empirical evidence (primary or secondary) to explain the causes of phenomena or identify weaknesses in explanations developed by the students or others.,7L.3.2.1.4,Construct an explanation based on evidence that describes how genetic variations of traits in a population increase some individuals' probability of surviving and reproducing in a specific environment.
7,"4 Communicating reasons, arguments and ideas to others","4.1.1 Engaging in argument from evidence: Students will be able to engage in argument from evidence for the explanations the students construct, defend and revise their interpretations when presented with new evidence, critically evaluate the scientific arguments of others, and present counterarguments.",7L.4.1.1.1,Support or refute an explanation by arguing from evidence for how the body is a system of interacting subsystems composed of groups of cells.
7,"4 Communicating reasons, arguments and ideas to others","4.1.1 Engaging in argument from evidence: Students will be able to engage in argument from evidence for the explanations the students construct, defend and revise their interpretations when presented with new evidence, critically evaluate the scientific arguments of others, and present counterarguments.",7L.4.1.1.2,Support or refute an explanation by arguing from evidence and scientific reasoning for how animal behavior and plant structures affect the probability of successful reproduction.
7,"4 Communicating reasons, arguments and ideas to others","4.1.2 Engaging in argument from evidence: Students will be able to argue from evidence to justify the best solution to a problem or to compare and evaluate competing designs, ideas, or methods.*",7L.4.1.2.1,Construct an argument supported by empirical evidence that changes in physical or biological components of an ecosystem affect populations.
7,"4 Communicating reasons, arguments and ideas to others","4.1.2 Engaging in argument from evidence: Students will be able to argue from evidence to justify the best solution to a problem or to compare and evaluate competing designs, ideas, or methods.*",7L.4.1.2.2,Evaluate competing design solutions for maintaining biodiversity or ecosystem services.
7,"4 Communicating reasons, arguments and ideas to others","4.2.2 Obtaining, evaluating and communicating information: Students will be able to gather information about and communicate the methods that are used by various cultures, especially those of Minnesota American Indian Tribes and communities, to develop explanations of phenomena and design solutions to problems.",7L.4.2.2.1,Gather multiple sources of information and communicate how Minnesota American Indian Tribes and communities and other cultures use knowledge to predict or interpret patterns of interactions among organisms across multiple ecosystems.
8,1 Exploring phenomena or engineering problems,"1.1.1 Asking questions and defining problems: Students will be able to ask questions about aspects of the phenomena they observe, the conclusions they draw from their models or scientific investigations, each other's ideas, and the information they read.",8P.1.1.1.1,Ask questions about locations of common elements on the periodic table to note patterns in the properties of similarly grouped elements.
8,1 Exploring phenomena or engineering problems,"1.1.1 Asking questions and defining problems: Students will be able to ask questions about aspects of the phenomena they observe, the conclusions they draw from their models or scientific investigations, each other's ideas, and the information they read.",8P.1.1.1.2,Ask questions about data to determine the factors that affect the strength of electric and magnetic forces.
8,1 Exploring phenomena or engineering problems,"1.2.1 Planning and carrying out investigations: Students will be able to design and conduct investigations in the classroom, laboratory, and/or field to test students' ideas and questions, and will organize and collect data to provide evidence to support claims the students make about phenomena.",8P.1.2.1.1,Plan and conduct an investigation of changes in pure substances when thermal energy is added or removed and relate those changes to particle motion.
8,1 Exploring phenomena or engineering problems,"1.2.1 Planning and carrying out investigations: Students will be able to design and conduct investigations in the classroom, laboratory, and/or field to test students' ideas and questions, and will organize and collect data to provide evidence to support claims the students make about phenomena.",8P.1.2.1.2,Plan and conduct an investigation to provide evidence that the change in an object's motion depends on the sum of the forces on the object and the mass of the object.
8,1 Exploring phenomena or engineering problems,"1.2.1 Planning and carrying out investigations: Students will be able to design and conduct investigations in the classroom, laboratory, and/or field to test students' ideas and questions, and will organize and collect data to provide evidence to support claims the students make about phenomena.",8P.1.2.1.3,Conduct an investigation and evaluate the experimental design to provide evidence that fields exist between objects exerting forces on each other even though the objects are not in contact.
8,1 Exploring phenomena or engineering problems,"1.2.1 Planning and carrying out investigations: Students will be able to design and conduct investigations in the classroom, laboratory, and/or field to test students' ideas and questions, and will organize and collect data to provide evidence to support claims the students make about phenomena.",8P.1.2.1.4,"Plan and conduct an investigation to determine how the temperature of a substance is affected by the transfer of energy, the amount of mass, and the type of matter."
8,2 Looking at data and empirical evidence to understand phenomena or solve problems,"2.1.1 Analyzing and interpreting data: Students will be able to represent observations and data in order to recognize patterns in the data, the meaning of those patterns, and possible relationships between variables.",8P.2.1.1.1,Analyze and interpret data on the properties of substances before and after the substances interact to determine if a chemical reaction has occurred.
8,2 Looking at data and empirical evidence to understand phenomena or solve problems,"2.1.1 Analyzing and interpreting data: Students will be able to represent observations and data in order to recognize patterns in the data, the meaning of those patterns, and possible relationships between variables.",8P.2.1.1.2,Construct and interpret graphical displays of data to describe the relationship of kinetic energy to the mass and speed of an object.
8,2 Looking at data and empirical evidence to understand phenomena or solve problems,2.2.1 Using mathematics and computational thinking: Students will be able to use mathematics to represent physical variables and their relationships; compare mathematical expressions to the real world; and engage in computational thinking as they use or develop algorithms to describe the natural or designed worlds.,8P.2.2.1.1,Use mathematical representations to describe a simple model for waves that includes how the amplitude of a wave is related to the energy in a wave.
8,2 Looking at data and empirical evidence to understand phenomena or solve problems,2.2.1 Using mathematics and computational thinking: Students will be able to use mathematics to represent physical variables and their relationships; compare mathematical expressions to the real world; and engage in computational thinking as they use or develop algorithms to describe the natural or designed worlds.,8P.2.2.1.2,Create a computer program to illustrate the transfer of energy within a system where energy changes form.
8,3 Developing possible explanations of phenomena or designing solutions to engineering problems,"3.1.1 Developing and using models: Students will be able to develop, revise, and use models to represent the students' understanding of phenomena or systems as they develop questions, predictions and/or explanations, and communicate ideas to others.",8P.3.1.1.1,Develop models to describe the atomic composition of simple molecules and crystals.
8,3 Developing possible explanations of phenomena or designing solutions to engineering problems,"3.1.1 Developing and using models: Students will be able to develop, revise, and use models to represent the students' understanding of phenomena or systems as they develop questions, predictions and/or explanations, and communicate ideas to others.",8P.3.1.1.2,Develop and use a model to describe how the total number of atoms does not change in a chemical reaction and thus mass is conserved.
8,3 Developing possible explanations of phenomena or designing solutions to engineering problems,"3.1.1 Developing and using models: Students will be able to develop, revise, and use models to represent the students' understanding of phenomena or systems as they develop questions, predictions and/or explanations, and communicate ideas to others.",8P.3.1.1.3,"Develop and revise a model to describe that when the arrangement of objects interacting at a distance changes, different amounts of potential energy are stored in the system."
8,3 Developing possible explanations of phenomena or designing solutions to engineering problems,"3.1.1 Developing and using models: Students will be able to develop, revise, and use models to represent the students' understanding of phenomena or systems as they develop questions, predictions and/or explanations, and communicate ideas to others.",8P.3.1.1.4,"Develop and use a model to qualitatively describe that waves are reflected, absorbed, or transmitted through various materials."
8,3 Developing possible explanations of phenomena or designing solutions to engineering problems,3.2.1 Constructing explanations and designing solutions: Students will be able to apply scientific principles and empirical evidence (primary or secondary) to explain the causes of phenomena or identify weaknesses in explanations developed by the students or others.,8P.3.2.1.1,Construct an explanation based on evidence and scientific principles of a common phenomenon that can be explained by the motions of molecules.
8,3 Developing possible explanations of phenomena or designing solutions to engineering problems,3.2.2 Constructing explanations and designing solutions: Students will be able to use their understanding of scientific principles and the engineering design process to design solutions that meet established criteria and constraints.*,8P.3.2.2.1,"Construct, test and modify a device that either releases or absorbs thermal energy by chemical processes."
8,3 Developing possible explanations of phenomena or designing solutions to engineering problems,3.2.2 Constructing explanations and designing solutions: Students will be able to use their understanding of scientific principles and the engineering design process to design solutions that meet established criteria and constraints.*,8P.3.2.2.2,Design a solution to a problem involving the motion of two colliding objects using Newton's 3rd Law.
8,3 Developing possible explanations of phenomena or designing solutions to engineering problems,3.2.2 Constructing explanations and designing solutions: Students will be able to use their understanding of scientific principles and the engineering design process to design solutions that meet established criteria and constraints.*,8P.3.2.2.3,"Design, construct, and test a device that either minimizes or maximizes thermal energy transfer."
8,"4 Communicating reasons, arguments and ideas to others","4.1.1 Engaging in argument from evidence: Students will be able to engage in argument from evidence for the explanations the students construct, defend and revise their interpretations when presented with new evidence, critically evaluate the scientific arguments of others, and present counterarguments.",8P.4.1.1.1,Construct and present arguments using evidence to support the claim that gravitational interactions are attractive and depend on the masses of interacting objects.
8,"4 Communicating reasons, arguments and ideas to others","4.1.1 Engaging in argument from evidence: Students will be able to engage in argument from evidence for the explanations the students construct, defend and revise their interpretations when presented with new evidence, critically evaluate the scientific arguments of others, and present counterarguments.",8P.4.1.1.2,"Compare and evaluate evidence to support the claim that when the kinetic energy of an object changes, energy is transferred to or from the object."
8,"4 Communicating reasons, arguments and ideas to others","4.2.1 Obtaining, evaluating and communicating information: Students will be able to read and interpret multiple sources to obtain information, evaluate the merit and validity of claims and design solutions, and communicate information, ideas, and evidence in a variety of formats.",8P.4.2.1.1,Gather and evaluate information from multiple sources to describe that synthetic materials come from natural resources and impact society.
8,"4 Communicating reasons, arguments and ideas to others","4.2.1 Obtaining, evaluating and communicating information: Students will be able to read and interpret multiple sources to obtain information, evaluate the merit and validity of claims and design solutions, and communicate information, ideas, and evidence in a variety of formats.",8P.4.2.1.2,Integrate qualitative scientific and technical information to support the claim that digitized signals are a more reliable way to encode and transmit information than analog signals.
9-12,1 Exploring phenomena or engineering problems,"1.1.1 Asking questions and defining problems: Students will be able to ask questions about aspects of the phenomena they observe, the conclusions they draw from their models or scientific investigations, each other's ideas, and the information they read.",9E.1.1.1.1,Ask questions to clarify how seismic energy traveling through Earth's interior can provide evidence for Earth's internal structure.
9-12,1 Exploring phenomena or engineering problems,"1.2.1 Planning and carrying out investigations: Students will be able to design and conduct investigations in the classroom, laboratory, and/or field to test students' ideas and questions, and will organize and collect data to provide evidence to support claims the students make about phenomena.",9E.1.2.1.1,Plan and conduct an investigation of the properties of water and its effects on Earth materials and surface processes.
9-12,1 Exploring phenomena or engineering problems,"1.2.1 Planning and carrying out investigations: Students will be able to design and conduct investigations in the classroom, laboratory, and/or field to test students' ideas and questions, and will organize and collect data to provide evidence to support claims the students make about phenomena.",9E.1.2.1.2,Plan and conduct an investigation of the properties of soils to model the effects of human activity on soil resources.
9-12,2 Looking at data and empirical evidence to understand phenomena or solve problems,"2.1.1 Analyzing and interpreting data: Students will be able to represent observations and data in order to recognize patterns in the data, the meaning of those patterns, and possible relationships between variables.",9E.2.1.1.1,"Analyze data to make a valid scientific claim about the way stars, over their life cycle, produce elements."
9-12,2 Looking at data and empirical evidence to understand phenomena or solve problems,"2.1.1 Analyzing and interpreting data: Students will be able to represent observations and data in order to recognize patterns in the data, the meaning of those patterns, and possible relationships between variables.",9E.2.1.1.2,Analyze geoscience data to make a claim that one change to the Earth's surface can create feedbacks that cause changes to other Earth systems.
9-12,2 Looking at data and empirical evidence to understand phenomena or solve problems,"2.1.1 Analyzing and interpreting data: Students will be able to represent observations and data in order to recognize patterns in the data, the meaning of those patterns, and possible relationships between variables.",9E.2.1.1.3,Analyze geoscience data and the results from global climate models to make an evidence-based forecast of the current rate of global or regional climate change and associated future impacts to Earth's systems and human infrastructure.
9-12,2 Looking at data and empirical evidence to understand phenomena or solve problems,2.2.1 Using mathematics and computational thinking: Students will be able to use mathematics to represent physical variables and their relationships; compare mathematical expressions to the real world; and engage in computational thinking as they use or develop algorithms to describe the natural or designed worlds.,9E.2.2.1.1,Use mathematical and computational representations to predict the motion of natural and human-made objects that are in orbit in the solar system.
9-12,2 Looking at data and empirical evidence to understand phenomena or solve problems,2.2.1 Using mathematics and computational thinking: Students will be able to use mathematics to represent physical variables and their relationships; compare mathematical expressions to the real world; and engage in computational thinking as they use or develop algorithms to describe the natural or designed worlds.,9E.2.2.1.2,"Develop a computational model, based on observational data, experimental evidence, and chemical theory, to describe the cycling of carbon among Earth's systems."
9-12,2 Looking at data and empirical evidence to understand phenomena or solve problems,2.2.1 Using mathematics and computational thinking: Students will be able to use mathematics to represent physical variables and their relationships; compare mathematical expressions to the real world; and engage in computational thinking as they use or develop algorithms to describe the natural or designed worlds.,9E.2.2.1.3,"Develop or use an algorithmic representation, based on investigations of causes and effects in complex Earth systems, to illustrate the relationships within some part of the Earth system and how human activity might affect those relationships."
9-12,3 Developing possible explanations of phenomena or designing solutions to engineering problems,"3.1.1 Developing and using models: Students will be able to develop, revise, and use models to represent the students' understanding of phenomena or systems as they develop questions, predictions and/or explanations, and communicate ideas to others.",9E.3.1.1.1,Develop and use a model based on evidence to illustrate the life span of the Sun and the role of nuclear fusion in the Sun's core to release energy that eventually reaches Earth in the form of radiation.
9-12,3 Developing possible explanations of phenomena or designing solutions to engineering problems,"3.1.1 Developing and using models: Students will be able to develop, revise, and use models to represent the students' understanding of phenomena or systems as they develop questions, predictions and/or explanations, and communicate ideas to others.",9E.3.1.1.2,Develop and use a model based on evidence to explain how Earth's internal and surface processes operate at different spatial and temporal scales to form continental and ocean floor features.
9-12,3 Developing possible explanations of phenomena or designing solutions to engineering problems,"3.1.1 Developing and using models: Students will be able to develop, revise, and use models to represent the students' understanding of phenomena or systems as they develop questions, predictions and/or explanations, and communicate ideas to others.",9E.3.1.1.3,Develop and use a model to describe how unequal heating and rotation of the Earth cause patterns of atmospheric and oceanic circulation that determine regional climates.
9-12,3 Developing possible explanations of phenomena or designing solutions to engineering problems,"3.1.1 Developing and using models: Students will be able to develop, revise, and use models to represent the students' understanding of phenomena or systems as they develop questions, predictions and/or explanations, and communicate ideas to others.",9E.3.1.1.4,Use a model to describe how variations in the flow of energy into and out of Earth's systems result in changes in climate.
9-12,3 Developing possible explanations of phenomena or designing solutions to engineering problems,3.2.1 Constructing explanations and designing solutions: Students will be able to apply scientific principles and empirical evidence (primary or secondary) to explain the causes of phenomena or identify weaknesses in explanations developed by the students or others.,9E.3.2.1.1,"Construct an explanation that links astronomical evidence of light spectra, motion of distant galaxies, and composition of matter in the universe to the Big Bang."
9-12,3 Developing possible explanations of phenomena or designing solutions to engineering problems,3.2.1 Constructing explanations and designing solutions: Students will be able to apply scientific principles and empirical evidence (primary or secondary) to explain the causes of phenomena or identify weaknesses in explanations developed by the students or others.,9E.3.2.1.2,"Apply scientific reasoning and evidence from ancient Earth materials, meteorites, and other planetary surfaces to construct an account of Earth's formation and early history."
9-12,3 Developing possible explanations of phenomena or designing solutions to engineering problems,3.2.2 Constructing explanations and designing solutions: Students will be able to use their understanding of scientific principles and the engineering design process to design solutions that meet established criteria and constraints.*,9E.3.2.2.1,Evaluate or refine a technological solution to reduce the human impacts on a natural system and base the evaluations or refinements on evidence and analysis of pertinent data.
9-12,"4 Communicating reasons, arguments and ideas to others","4.1.1 Engaging in argument from evidence: Students will be able to engage in argument from evidence for the explanations the students construct, defend and revise their interpretations when presented with new evidence, critically evaluate the scientific arguments of others, and present counterarguments.",9E.4.1.1.1,Evaluate the evidence of the past and current movements of continental and oceanic crust and the theory of plate tectonics to explain the ages of crustal rocks.
9-12,"4 Communicating reasons, arguments and ideas to others","4.1.1 Engaging in argument from evidence: Students will be able to engage in argument from evidence for the explanations the students construct, defend and revise their interpretations when presented with new evidence, critically evaluate the scientific arguments of others, and present counterarguments.",9E.4.1.1.2,Evaluate the evidence and reasoning for the explanatory model that Earth's interior is layered and that thermal convection drives the cycling of matter.
9-12,"4 Communicating reasons, arguments and ideas to others","4.1.1 Engaging in argument from evidence: Students will be able to engage in argument from evidence for the explanations the students construct, defend and revise their interpretations when presented with new evidence, critically evaluate the scientific arguments of others, and present counterarguments.",9E.4.1.1.3,"Evaluate competing design solutions for developing, managing, and utilizing energy and mineral resources based on cost-benefit ratios."
9-12,"4 Communicating reasons, arguments and ideas to others","4.2.1 Obtaining, evaluating and communicating information: Students will be able to read and interpret multiple sources to obtain information, evaluate the merit and validity of claims and design solutions, and communicate information, ideas, and evidence in a variety of formats.",9E.4.2.1.1,"Compare, integrate and evaluate sources of information in order to determine how specific factors, including human activity, impact the groundwater system of a region."
9-12,"4 Communicating reasons, arguments and ideas to others","4.2.2 Obtaining, evaluating and communicating information: Students will be able to gather information about and communicate the methods that are used by various cultures, especially those of Minnesota American Indian Tribes and communities, to develop explanations of phenomena and design solutions to problems.",9E.4.2.2.1,"Apply place-based evidence, including those from Minnesota American Indian Tribes and communities and other cultures, to construct an explanation of how a warming climate impacts the hydrosphere, geosphere, biosphere, or atmosphere."
9-12,1 Exploring phenomena or engineering problems,"1.1.1 Asking questions and defining problems: Students will be able to ask questions about aspects of the phenomena they observe, the conclusions they draw from their models or scientific investigations, each other's ideas, and the information they read.",9L.1.1.1.1,Ask questions to clarify relationships about the role of DNA and chromosomes in coding the instructions for characteristic traits passed from parents to offspring.
9-12,1 Exploring phenomena or engineering problems,"1.2.1 Planning and carrying out investigations: Students will be able to design and conduct investigations in the classroom, laboratory, and/or field to test students' ideas and questions, and will organize and collect data to provide evidence to support claims the students make about phenomena.",9L.1.2.1.1,Plan and conduct an investigation to provide evidence that feedback mechanisms maintain homeostasis.
9-12,2 Looking at data and empirical evidence to understand phenomena or solve problems,"2.1.1 Analyzing and interpreting data: Students will be able to represent observations and data in order to recognize patterns in the data, the meaning of those patterns, and possible relationships between variables.",9L.2.1.1.1,Apply concepts of probability to explain and predict the variation and distribution of expressed traits in a population.
9-12,2 Looking at data and empirical evidence to understand phenomena or solve problems,"2.1.1 Analyzing and interpreting data: Students will be able to represent observations and data in order to recognize patterns in the data, the meaning of those patterns, and possible relationships between variables.",9L.2.1.1.2,Apply concepts of statistics and probability to support explanations that organisms with an advantageous heritable trait tend to increase in proportion to organisms lacking this trait.
9-12,2 Looking at data and empirical evidence to understand phenomena or solve problems,2.2.1 Using mathematics and computational thinking: Students will be able to use mathematics to represent physical variables and their relationships; compare mathematical expressions to the real world; and engage in computational thinking as they use or develop algorithms to describe the natural or designed worlds.,9L.2.2.1.1,"Use a computational model to support or revise an evidence-based explanation for factors that have ecological and economic impacts on different sized ecosystems, including factors caused by the practices of various human groups."
9-12,2 Looking at data and empirical evidence to understand phenomena or solve problems,2.2.1 Using mathematics and computational thinking: Students will be able to use mathematics to represent physical variables and their relationships; compare mathematical expressions to the real world; and engage in computational thinking as they use or develop algorithms to describe the natural or designed worlds.,9L.2.2.1.2,Use a computational model to support claims for the cycling of matter and flow of energy among organisms in an ecosystem.
9-12,3 Developing possible explanations of phenomena or designing solutions to engineering problems,"3.1.1 Developing and using models: Students will be able to develop, revise, and use models to represent the students' understanding of phenomena or systems as they develop questions, predictions and/or explanations, and communicate ideas to others.",9L.3.1.1.1,Develop and use a model to illustrate the levels of organization of interacting systems and how that translates into specific functions in multicellular organisms.
9-12,3 Developing possible explanations of phenomena or designing solutions to engineering problems,"3.1.1 Developing and using models: Students will be able to develop, revise, and use models to represent the students' understanding of phenomena or systems as they develop questions, predictions and/or explanations, and communicate ideas to others.",9L.3.1.1.2,Use a model to illustrate the role of cellular division (mitosis) and differentiation in producing and maintaining complex organisms.
9-12,3 Developing possible explanations of phenomena or designing solutions to engineering problems,"3.1.1 Developing and using models: Students will be able to develop, revise, and use models to represent the students' understanding of phenomena or systems as they develop questions, predictions and/or explanations, and communicate ideas to others.",9L.3.1.1.3,Use a model to illustrate how photosynthesis transforms light energy into stored chemical energy.
9-12,3 Developing possible explanations of phenomena or designing solutions to engineering problems,"3.1.1 Developing and using models: Students will be able to develop, revise, and use models to represent the students' understanding of phenomena or systems as they develop questions, predictions and/or explanations, and communicate ideas to others.",9L.3.1.1.4,Use a model to illustrate that cellular respiration is a chemical process in which energy from food is used to create new compounds.
9-12,3 Developing possible explanations of phenomena or designing solutions to engineering problems,3.2.1 Constructing explanations and designing solutions: Students will be able to apply scientific principles and empirical evidence (primary or secondary) to explain the causes of phenomena or identify weaknesses in explanations developed by the students or others.,9L.3.2.1.1,Construct an explanation based on evidence for how the structure of DNA determines the structure of the proteins that carry out the essential functions of life.
9-12,3 Developing possible explanations of phenomena or designing solutions to engineering problems,3.2.1 Constructing explanations and designing solutions: Students will be able to apply scientific principles and empirical evidence (primary or secondary) to explain the causes of phenomena or identify weaknesses in explanations developed by the students or others.,9L.3.2.1.2,Construct and revise an explanation based on evidence for how various elements combine with carbon to form molecules that form the basis for life on Earth.
9-12,3 Developing possible explanations of phenomena or designing solutions to engineering problems,3.2.1 Constructing explanations and designing solutions: Students will be able to apply scientific principles and empirical evidence (primary or secondary) to explain the causes of phenomena or identify weaknesses in explanations developed by the students or others.,9L.3.2.1.3,"Construct and revise an explanation based on evidence about the role of photosynthesis and cellular respiration (including anaerobic processes) in the cycling of carbon among the biosphere, atmosphere, hydrosphere, and geosphere."
9-12,3 Developing possible explanations of phenomena or designing solutions to engineering problems,3.2.1 Constructing explanations and designing solutions: Students will be able to apply scientific principles and empirical evidence (primary or secondary) to explain the causes of phenomena or identify weaknesses in explanations developed by the students or others.,9L.3.2.1.4,"Construct an explanation based on evidence that the process of evolution primarily results from four factors: reproduction within a species, heritable genetic variation of individuals in that species, competition for limited resources, and increased survival and reproduction of the individuals best suited for the environment."
9-12,3 Developing possible explanations of phenomena or designing solutions to engineering problems,3.2.1 Constructing explanations and designing solutions: Students will be able to apply scientific principles and empirical evidence (primary or secondary) to explain the causes of phenomena or identify weaknesses in explanations developed by the students or others.,9L.3.2.1.5,Construct an explanation based on evidence for how natural selection leads to the adaptation of populations.
9-12,"4 Communicating reasons, arguments and ideas to others","4.1.1 Engaging in argument from evidence: Students will be able to engage in argument from evidence for the explanations the students construct, defend and revise their interpretations when presented with new evidence, critically evaluate the scientific arguments of others, and present counterarguments.",9L.4.1.1.1,Evaluate evidence for the role of group behavior on an individual's and species' chances to survive and reproduce.
9-12,"4 Communicating reasons, arguments and ideas to others","4.1.1 Engaging in argument from evidence: Students will be able to engage in argument from evidence for the explanations the students construct, defend and revise their interpretations when presented with new evidence, critically evaluate the scientific arguments of others, and present counterarguments.",9L.4.1.1.2,"Make and defend a claim based on evidence that heritable genetic variations may result from (1) new genetic combinations through meiosis, (2) viable errors occurring during replication, and/or (3) mutations caused by environmental factors."
9-12,"4 Communicating reasons, arguments and ideas to others","4.1.1 Engaging in argument from evidence: Students will be able to engage in argument from evidence for the explanations the students construct, defend and revise their interpretations when presented with new evidence, critically evaluate the scientific arguments of others, and present counterarguments.",9L.4.1.1.3,"Evaluate the evidence supporting claims that changes in environmental conditions may result in (1) increases in the number of individuals of some species, (2) the emergence of new species over time, and (3) the extinction of other species."
9-12,"4 Communicating reasons, arguments and ideas to others","4.2.1 Obtaining, evaluating and communicating information: Students will be able to read and interpret multiple sources to obtain information, evaluate the merit and validity of claims and design solutions, and communicate information, ideas, and evidence in a variety of formats.",9L.4.2.1.1,Communicate scientific information that common ancestry and biological evolution are supported by multiple lines of empirical evidence.
9-12,"4 Communicating reasons, arguments and ideas to others","4.2.2 Obtaining, evaluating and communicating information: Students will be able to gather information about and communicate the methods that are used by various cultures, especially those of Minnesota American Indian Tribes and communities, to develop explanations of phenomena and design solutions to problems.",9L.4.2.2.1,Obtain and communicate information about how Minnesota American Indian Tribes and communities and other cultures construct solutions to mitigate threats to biodiversity.
9-12,1 Exploring phenomena or engineering problems,"1.1.1 Asking questions and defining problems: Students will be able to ask questions about aspects of the phenomena they observe, the conclusions they draw from their models or scientific investigations, each other's ideas, and the information they read.",9C.1.1.1.1,Ask questions about the impact of greenhouse gases on the Earth's climate by analyzing their molecular structure and responses during energy absorption
9-12,1 Exploring phenomena or engineering problems,"1.2.1 Planning and carrying out investigations: Students will be able to design and conduct investigations in the classroom, laboratory, and/or field to test students' ideas and questions, and will organize and collect data to provide evidence to support claims the students make about phenomena.",9C.1.2.1.1,Plan and conduct an investigation to gather evidence to compare the structure of substances and infer the strength of electrical forces between particles.
9-12,1 Exploring phenomena or engineering problems,"1.2.1 Planning and carrying out investigations: Students will be able to design and conduct investigations in the classroom, laboratory, and/or field to test students' ideas and questions, and will organize and collect data to provide evidence to support claims the students make about phenomena.",9C.1.2.1.2,Plan and conduct an investigation of acid-base reactions to test ideas about the concentrations of the hydronium ion in an aqueous solution (pH).
9-12,2 Looking at data and empirical evidence to understand phenomena or solve problems,"2.1.1 Analyzing and interpreting data: Students will be able to represent observations and data in order to recognize patterns in the data, the meaning of those patterns, and possible relationships between variables.",9C.2.1.1.1,Analyze patterns in air or water quality data to make claims about the causes and severity of a problem and the necessity to remediate or to recommend a treatment process.
9-12,2 Looking at data and empirical evidence to understand phenomena or solve problems,2.2.1 Using mathematics and computational thinking: Students will be able to use mathematics to represent physical variables and their relationships; compare mathematical expressions to the real world; and engage in computational thinking as they use or develop algorithms to describe the natural or designed worlds.,9C.2.2.1.1,"Develop a data simulation, based on observations and experimental data of how the pressure, volume, temperature, and mass of a gas are related to each other, to predict the effect on a system of changing one of those variables."
9-12,2 Looking at data and empirical evidence to understand phenomena or solve problems,2.2.1 Using mathematics and computational thinking: Students will be able to use mathematics to represent physical variables and their relationships; compare mathematical expressions to the real world; and engage in computational thinking as they use or develop algorithms to describe the natural or designed worlds.,9C.2.2.1.2,"Use mathematical representations to support the claim that atoms, and therefore mass, are conserved during a chemical reaction."
9-12,3 Developing possible explanations of phenomena or designing solutions to engineering problems,"3.1.1 Developing and using models: Students will be able to develop, revise, and use models to represent the students' understanding of phenomena or systems as they develop questions, predictions and/or explanations, and communicate ideas to others.",9C.3.1.1.1,Use the periodic table as a model to predict the relative properties of elements based on the patterns of valence electrons.
9-12,3 Developing possible explanations of phenomena or designing solutions to engineering problems,"3.1.1 Developing and using models: Students will be able to develop, revise, and use models to represent the students' understanding of phenomena or systems as they develop questions, predictions and/or explanations, and communicate ideas to others.",9C.3.1.1.2,Develop a model based on evidence to illustrate that the release or absorption of energy from a chemical reaction system depends upon the changes in total bond energy.
9-12,3 Developing possible explanations of phenomena or designing solutions to engineering problems,"3.1.1 Developing and using models: Students will be able to develop, revise, and use models to represent the students' understanding of phenomena or systems as they develop questions, predictions and/or explanations, and communicate ideas to others.",9C.3.1.1.3,"Develop models to illustrate the changes in the composition of the nucleus of the atom and the energy released during the processes of fission, fusion, and radioactive decay."
9-12,3 Developing possible explanations of phenomena or designing solutions to engineering problems,3.2.1 Constructing explanations and designing solutions: Students will be able to apply scientific principles and empirical evidence (primary or secondary) to explain the causes of phenomena or identify weaknesses in explanations developed by the students or others.,9C.3.2.1.1,"Construct and revise an explanation for the outcome of a simple chemical reaction based on the outermost electron states of atoms, trends in the periodic table, and knowledge of the patterns of chemical properties."
9-12,3 Developing possible explanations of phenomena or designing solutions to engineering problems,3.2.1 Constructing explanations and designing solutions: Students will be able to apply scientific principles and empirical evidence (primary or secondary) to explain the causes of phenomena or identify weaknesses in explanations developed by the students or others.,9C.3.2.1.2,"Apply scientific principles and evidence to provide an explanation about the effects of changing the surface area, agitation, temperature, and concentration of the reacting particles on the rate at which the reaction occurs."
9-12,3 Developing possible explanations of phenomena or designing solutions to engineering problems,3.2.1 Constructing explanations and designing solutions: Students will be able to apply scientific principles and empirical evidence (primary or secondary) to explain the causes of phenomena or identify weaknesses in explanations developed by the students or others.,9C.3.2.1.3,Construct an explanation for the phenomenon of solution creation and identify from patterns how the properties of the resulting solution depend on the interactions between solute and solvent or on concentrations of solutes.
9-12,3 Developing possible explanations of phenomena or designing solutions to engineering problems,3.2.2 Constructing explanations and designing solutions: Students will be able to use their understanding of scientific principles and the engineering design process to design solutions that meet established criteria and constraints.*,9C.3.2.2.1,Evaluate the design and function of products and processes involving organic compounds to meet desired needs in relationship to the molecular structures and in particular the functional groups involved.
9-12,"4 Communicating reasons, arguments and ideas to others","4.2.1 Obtaining, evaluating and communicating information: Students will be able to read and interpret multiple sources to obtain information, evaluate the merit and validity of claims and design solutions, and communicate information, ideas, and evidence in a variety of formats.",9C.4.2.1.1,Communicate scientific and technical information about why the molecular-level structure is important in the functioning of designed materials.
9-12,"4 Communicating reasons, arguments and ideas to others","4.2.1 Obtaining, evaluating and communicating information: Students will be able to read and interpret multiple sources to obtain information, evaluate the merit and validity of claims and design solutions, and communicate information, ideas, and evidence in a variety of formats.",9C.4.2.1.2,"Review text and online sources to develop a series of questions regarding the chemistry, utility, and safety of nuclear fission."
9-12,"4 Communicating reasons, arguments and ideas to others","4.2.2 Obtaining, evaluating and communicating information: Students will be able to gather information about and communicate the methods that are used by various cultures, especially those of Minnesota American Indian Tribes and communities, to develop explanations of phenomena and design solutions to problems.",9C.4.2.2.1,"Communicate and evaluate claims by various stakeholders, including Minnesota American Indian Tribes and communities and other cultures, about the environmental impacts of various chemical processes on natural resources."
9-12,1 Exploring phenomena or engineering problems,"1.1.1 Asking questions and defining problems: Students will be able to ask questions about aspects of the phenomena they observe, the conclusions they draw from their models or scientific investigations, each other's ideas, and the information they read.",9P.1.1.1.1,Evaluate questions about the advantages and disadvantages of using digital transmission and storage of information.
9-12,1 Exploring phenomena or engineering problems,"1.2.1 Planning and carrying out investigations: Students will be able to design and conduct investigations in the classroom, laboratory, and/or field to test students' ideas and questions, and will organize and collect data to provide evidence to support claims the students make about phenomena.",9P.1.2.1.1,Plan and conduct an investigation to provide evidence that an electric current can produce a magnetic field and that a changing magnetic field can produce an electric current.
9-12,1 Exploring phenomena or engineering problems,"1.2.1 Planning and carrying out investigations: Students will be able to design and conduct investigations in the classroom, laboratory, and/or field to test students' ideas and questions, and will organize and collect data to provide evidence to support claims the students make about phenomena.",9P.1.2.1.2,Plan and conduct an investigation to provide evidence that the transfer of thermal energy when two components of different temperatures are combined within a closed system results in a more uniform energy distribution among the components in the system.
9-12,2 Looking at data and empirical evidence to understand phenomena or solve problems,"2.1.1 Analyzing and interpreting data: Students will be able to represent observations and data in order to recognize patterns in the data, the meaning of those patterns, and possible relationships between variables.",9P.2.1.1.1,"Analyze data to support the claim that Newton's second law of motion describes the mathematical relationship among the net force on a macroscopic object, its mass, and its acceleration."
9-12,2 Looking at data and empirical evidence to understand phenomena or solve problems,2.2.1 Using mathematics and computational thinking: Students will be able to use mathematics to represent physical variables and their relationships; compare mathematical expressions to the real world; and engage in computational thinking as they use or develop algorithms to describe the natural or designed worlds.,9P.2.2.1.1,Apply mathematical representations to support the claim that the total momentum of a system of objects is conserved when there is no net force on the system.
9-12,2 Looking at data and empirical evidence to understand phenomena or solve problems,2.2.1 Using mathematics and computational thinking: Students will be able to use mathematics to represent physical variables and their relationships; compare mathematical expressions to the real world; and engage in computational thinking as they use or develop algorithms to describe the natural or designed worlds.,9P.2.2.1.2,Apply mathematical representations of Newton's Law of Gravitation and Coulomb's Law to describe and predict the gravitational and electrostatic forces between objects.
9-12,2 Looking at data and empirical evidence to understand phenomena or solve problems,2.2.1 Using mathematics and computational thinking: Students will be able to use mathematics to represent physical variables and their relationships; compare mathematical expressions to the real world; and engage in computational thinking as they use or develop algorithms to describe the natural or designed worlds.,9P.2.2.1.3,Create a computational model to calculate the change in the energy of one component in a system when the change in energy of the other component(s) and energy flows in or out of the system are known.
9-12,3 Developing possible explanations of phenomena or designing solutions to engineering problems,"3.1.1 Developing and using models: Students will be able to develop, revise, and use models to represent the students' understanding of phenomena or systems as they develop questions, predictions and/or explanations, and communicate ideas to others.",9P.3.1.1.1,Develop and use models to illustrate that energy at the macroscopic scale can be accounted for as a combination of energy associated with the motions of particles (objects) and energy associated with the relative positions of particles (objects).
9-12,3 Developing possible explanations of phenomena or designing solutions to engineering problems,"3.1.1 Developing and using models: Students will be able to develop, revise, and use models to represent the students' understanding of phenomena or systems as they develop questions, predictions and/or explanations, and communicate ideas to others.",9P.3.1.1.2,Develop and use a model of two objects interacting through electric or magnetic fields to illustrate the forces between the two objects and the changes in energy of the two objects due to the interaction and describe how these forces are present in phenomena.
9-12,3 Developing possible explanations of phenomena or designing solutions to engineering problems,3.2.2 Constructing explanations and designing solutions: Students will be able to use their understanding of scientific principles and the engineering design process to design solutions that meet established criteria and constraints.*,9P.3.2.2.1,Develop a computer simulation to demonstrate the impact of a proposed solution that minimizes the force on a macroscopic object during a collision.
9-12,3 Developing possible explanations of phenomena or designing solutions to engineering problems,3.2.2 Constructing explanations and designing solutions: Students will be able to use their understanding of scientific principles and the engineering design process to design solutions that meet established criteria and constraints.*,9P.3.2.2.2,"Evaluate a solution to a complex energy-related problem based on prioritized criteria and tradeoffs that account for a range of constraints, including cost, safety, reliability, aesthetics, and maintenance, as well as social, cultural, and environmental impacts."
9-12,"4 Communicating reasons, arguments and ideas to others","4.1.1 Engaging in argument from evidence: Students will be able to engage in argument from evidence for the explanations the students construct, defend and revise their interpretations when presented with new evidence, critically evaluate the scientific arguments of others, and present counterarguments.",9P.4.1.1.1,"Evaluate the claims, evidence, and reasoning behind the argument that electromagnetic radiation can be described using either a wave model or a particle model, and that for some phenomena one model is more useful than the other."
9-12,"4 Communicating reasons, arguments and ideas to others","4.2.1 Obtaining, evaluating and communicating information: Students will be able to read and interpret multiple sources to obtain information, evaluate the merit and validity of claims and design solutions, and communicate information, ideas, and evidence in a variety of formats.",9P.4.2.1.1,Evaluate the validity and reliability of claims in published materials of the effects that different frequencies of electromagnetic radiation have when absorbed by matter.
9-12,"4 Communicating reasons, arguments and ideas to others","4.2.1 Obtaining, evaluating and communicating information: Students will be able to read and interpret multiple sources to obtain information, evaluate the merit and validity of claims and design solutions, and communicate information, ideas, and evidence in a variety of formats.",9P.4.2.1.2,Communicate technical information about how some technological devices use the principles of wave behavior and wave interactions with matter to transmit and capture information and energy.
